prod_month,model,version,color,order_num,chasis_num,model_year,location,price,upholstery
11/1/2021,M4 Coupé,Pro (MANUAL TRANS.),300,4758838,CJ42104,"2,022",S_INTEXZON,"$499,900,000.00",X3SW
4/1/2022,Z4 M40i,Premium,C34,4761257,WX71836,"2,022",S_AUTO_NORTE,"$409,900,000.00",MAH7
4/1/2022,Z4 M40i,Premium,475,4761256,WX75134,"2,022",S_INTEXZON,"$409,900,000.00",MAH7
5/1/2022,330i Touring,Edición M,475,4761576,FM94356,"2,022",S_MEDELLIN,"$199,900,000.00",KGNL
5/1/2022,X5 M50i,Premium (Individual),C3Z,4761742,9M40714,"2,023",S_MEDELLIN,"$539,900,000.00",MCEW
7/1/2022,M5,Competition (Individual),490,4761708,CL11372,"2,023",S_MEDELLIN,"$649,900,000.00",X3SW
7/1/2022,M440i xDrive Gran Coupe,Premium,300,4762152,FN40382,"2,023",S_MEDELLIN,"$369,900,000.00",KGNL
8/1/2022,220i Gran Coupé,Sport Line,A75,4762104,7L53926,"2,023",S_MEDELLIN,"$194,900,000.00",KCSW
9/1/2022,740I,Pure Excellence,C4A,4762882,CL62133,"2,023",S_MEDTALLE,"$679,900,000.00",VCTQ
9/1/2022,740I,Pure Excellence,A90,4762883,CL62134,"2,023",S_MEDELLIN,"$679,900,000.00",VCMY
9/1/2022,M3 Sedan,Premium,C3G,4762790,FN69657,"2,023",S_CLL128,"$679,900,000.00",LKSW
10/1/2022,M235i Gran Coupé,Premium,C1G,4762609,7L79414,"2,023",S_EXHVN_CLL200,"$249,900,000.00",HLSW
10/1/2022,530e iPerformance Sedan,Edición M,300,4762722,CL95175,"2,023",S_CLL128,"$349,900,000.00",KHSW
10/1/2022,X5 M50i,Premium,416,4763075,9P56004,"2,023",ZF_TAYRONA,"$539,900,000.00",KPRI
10/1/2022,330i Touring,Edición M,300,4762803,FN85457,"2,023",S_PEREIRA,"$234,900,000.00",KGNL
11/1/2022,X5 M50i,Premium,C1M,4763077,9P69771,"2,023",S_AUTO_NORTE,"$539,900,000.00",KPRI
11/1/2022,430i Gran Coupé,Edición M,A96,4762641,FP10885,"2,023",S_INTEXZON,"$299,900,000.00",KHKC
11/1/2022,X5 M50i,Premium,300,4763083,9P68150,"2,023",TNAL_INTEXZON,"$539,900,000.00",KPA9
11/1/2022,X5 M50i,Premium,C1M,4763076,9P67304,"2,023",ZF_TAYRONA,"$539,900,000.00",KPSW
11/1/2022,X5 M50i,Premium (Individual),C3Z,4763082,9P67219,"2,023",ZF_TAYRONA,"$539,900,000.00",KPRI
11/1/2022,X5 M50i,Premium,C3D,4763078,9P67177,"2,023",S_INTEXZON,"$539,900,000.00",KPSW
12/1/2022,M340i xDrive,Premium,475,4763363,8D10842,"2,023",ZF_INMAR,"$299,900,000.00",KHG7
1/1/2023,X2 sDrive18i,Premium,C1P,4763532,5W38177,"2,023",ZF_INMAR,"$199,900,000.00",KCCX
1/1/2023,Z4 M40i,Premium (Individual) (Black Shadow),C37,4763422,WY09611,"2,023",S_CLL128,"$399,900,000.00",MAH7
1/1/2023,740I,Edición M,C4P,4763295,CM61585,"2,023",ZF_TAYRONA,"$599,900,000.00",KVJY
1/1/2023,M550i xDrive,Premium,416,4763505,CM70172,"2,023",ZF_TAYRONA,"$429,900,000.00",LCNL
1/1/2023,Z4 sDrive20i,Edición M,C56,4763414,WY09641,"2,023",S_EVENTOS_BUCA,"$289,900,000.00",MAH7
1/1/2023,Z4 M40i,Premium,C4W,4763427,WY09606,"2,023",ZF_TAYRONA,"$399,900,000.00",MAKN
1/1/2023,530i,Edición M,C4W,4763711,WY12322,"2,023",ZF_TAYRONA,"$299,900,000.00",KHSW
1/1/2023,M440i xDrive Gran Coupe,Premium,475,4763496,FP41122,"2,023",ZF_TAYRONA,"$369,900,000.00",KHG7
1/1/2023,530i,Edición M,C4W,4763513,CM63228,"2,023",ZF_TAYRONA,"$299,900,000.00",KHRI
1/1/2023,530i,Edición M,A90,4763511,CM67801,"2,023",ZF_TAYRONA,"$299,900,000.00",KHSW
1/1/2023,530i,Edición M,A90,4763510,CM63264,"2,023",ZF_TAYRONA,"$299,900,000.00",KHRI
1/1/2023,530i,Edición M,416,4763518,WY10730,"2,023",ZF_INMAR,"$299,900,000.00",KHFY
1/1/2023,i4 eDrive40,Edición M,C36,4763548,FP41928,"2,023",TNAL_CALI,"$359,900,000.00",KHKC
1/1/2023,530i,Edición M,C4F,4763515,CM67660,"2,023",S_FONTANAR,"$299,900,000.00",KHSW
1/1/2023,M440i xDrive Coupé,Premium,C4P,4763479,CM62565,"2,023",ZF_TAYRONA,"$359,900,000.00",KGNL
1/1/2023,530i,Edición M,300,4763508,CM63415,"2,023",C_AUTOBQL,"$299,900,000.00",KHSW
1/1/2023,530i,Edición M,C1M,4763514,CM60682,"2,023",ZF_TAYRONA,"$299,900,000.00",KHSW
2/1/2023,M340i xDrive,Premium,300,4763784,8D21429,"2,023",ZF_TAYRONA,"$279,900,000.00",KGNL
2/1/2023,M440i xDrive Gran Coupe,Premium,C31,4763813,FP50549,"2,023",ZF_TAYRONA,"$369,900,000.00",KGNL
2/1/2023,M440i xDrive Gran Coupe,Premium,C4E,4763812,FP50290,"2,023",ZF_TAYRONA,"$369,900,000.00",KGNL
2/1/2023,530i,Edición M,A90,4763819,CM94408,"2,023",S_INTEXZON,"$299,900,000.00",KHRI
2/1/2023,M440i xDrive Coupé,Premium,C4F,4763802,CM84642,"2,023",ZF_TAYRONA,"$359,900,000.00",KHKC
2/1/2023,X6 xDrive40i,Exclusive,475,4764071,9R72447,"2,023",ZF_TAYRONA,"$459,900,000.00",KPSW
2/1/2023,530i,Edición M,300,4763817,WY11986,"2,023",ZF_TAYRONA,"$299,900,000.00",KHSW
2/1/2023,M440i xDrive Coupé,Premium,C4E,4763803,CM84761,"2,023",ZF_TAYRONA,"$359,900,000.00",KHSW
2/1/2023,X5 M50i,Premium,416,4764066,9R55765,"2,023",ZF_TAYRONA,"$539,900,000.00",KPSW
2/1/2023,530i,Edición M,A90,4763818,CM82503,"2,023",ZF_TAYRONA,"$299,900,000.00",KHSW
2/1/2023,M4 Competition Coupé,Competition Pro,C4P,4763539,CN03156,"2,023",S_MEDELLIN,"$679,900,000.00",X3KX
2/1/2023,M340i xDrive,Premium,C4P,4763790,8D25261,"2,023",S_MEDELLIN,"$299,900,000.00",KGNL
2/1/2023,M440i xDrive Gran Coupe,Premium,C4E,4763811,FP47845,"2,023",ZF_TAYRONA,"$369,900,000.00",KGNL
2/1/2023,iX xDrive40,M Sport (Atelier),A90,4763824,CM93905,"2,023",S_INTEXZON,"$489,900,000.00",SAMY
2/1/2023,X5 xDrive40i,Exclusive,300,4764047,9R42069,"2,023",S_MEDTALLE,"$389,900,000.00",KPSW
2/1/2023,X6 xDrive40i,Edición M,416,4764086,9R46381,"2,023",S_MEDELLIN,"$459,900,000.00",KPSW
2/1/2023,X5 M50i,Premium,A96,4764118,9R47749,"2,023",ZF_TAYRONA,"$539,900,000.00",KPSW
2/1/2023,M340i xDrive,Premium,C31,4763799,8D20133,"2,023",ZF_TAYRONA,"$299,900,000.00",KGNL
2/1/2023,M340i xDrive,Premium,300,4763785,8D21641,"2,023",ZF_TAYRONA,"$299,900,000.00",KGNL
2/1/2023,X6 xDrive40i,Edición M,475,4764081,9R42560,"2,023",C_AUTOBQL,"$459,900,000.00",KPSW
2/1/2023,X6 xDrive40i,Exclusive,C3D,4764077,9R71168,"2,023",ZF_TAYRONA,"$459,900,000.00",KPSW
2/1/2023,X6 xDrive40i,Edición M,416,4764085,9R46264,"2,023",S_AUTO_NORTE,"$459,900,000.00",KPSW
2/1/2023,X6 xDrive40i,Edición M,300,4764083,9R46296,"2,023",ZF_INMAR,"$459,900,000.00",KPSW
2/1/2023,X6 xDrive40i,Edición M,C3D,4764088,9R46943,"2,023",S_FONTANAR,"$459,900,000.00",KPSW
2/1/2023,530e iPerformance Sedan,Edición M,C4W,4764125,CM92762,"2,023",S_MEDELLIN,"$349,900,000.00",KHRI
2/1/2023,M340i xDrive,Premium,475,4763796,8D19295,"2,023",ZF_TAYRONA,"$299,900,000.00",KGNL
2/1/2023,M340i xDrive,Premium,300,4763782,8D18822,"2,023",TNAL_CALI,"$299,900,000.00",KGNL
3/1/2023,420i Cabrio,Premium,475,4764403,CN26896,"2,024",ZF_INMAR,"$279,900,000.00",KHSW
3/1/2023,530i,Edición M,416,4764432,WY19522,"2,023",ZF_INMAR,"$299,900,000.00",KHSW
3/1/2023,128ti,Premium,300,4764386,7M42553,"2,024",S_BUCARAM,"$189,900,000.00",HLSW
3/1/2023,X3 M40i,Premium,C57,4764184,9R95810,"2,023",S_EXHVN_CLL200,"$369,900,000.00",KHRI
3/1/2023,X2 M35i xDrive,Premium,C4P,4764570,5W68196,"2,023",ZF_TAYRONA,"$269,900,000.00",HLSW
3/1/2023,218i Gran Coupé,Sport Line,A96,4764392,7M43509,"2,024",ZF_TAYRONA,"$184,900,000.00",KCSW
3/1/2023,218i Gran Coupé,Edición M,C1G,4764395,7M43394,"2,024",S_CLL128,"$189,900,000.00",HLSW
3/1/2023,M3 Competition,Premium,C4P,4764576,FP74610,"2,024",S_AUTO_NORTE,"$669,900,000.00",X3IA
3/1/2023,X6 xDrive40i,Edición M,C3D,4764599,9S02089,"2,023",S_CLL128,"$459,900,000.00",KPSW
3/1/2023,X6 xDrive40i,Edición M,416,4764596,9S01839,"2,023",ZF_TAYRONA,"$459,900,000.00",KPSW
3/1/2023,M340i xDrive,Premium,A96,4764664,8D32901,"2,023",ZF_TAYRONA,"$299,900,000.00",KGNL
3/1/2023,M4 Competition Coupé,Competition Pro,475,4763540,CN28513,"2,024",S_INTEXZON,"$679,900,000.00",X3KX
3/1/2023,420i Cabrio,Premium,C4F,4764396,CN16853,"2,024",ZF_INMAR,"$279,900,000.00",KHSW
3/1/2023,420i Cabrio,Premium,475,4764402,CN25475,"2,024",ZF_TAYRONA,"$279,900,000.00",KHSW
3/1/2023,320I,Sport Line,A75,4764308,8D30565,"2,023",ZF_TAYRONA,"$229,900,000.00",KHSW
3/1/2023,M440i xDrive Cabrio,Premium,C4E,4764425,CN20521,"2,024",C_TBS,"$379,900,000.00",MAOI
3/1/2023,X3 M40i,Premium,C57,4764183,9R95936,"2,023",S_FONTANAR,"$369,900,000.00",KHSW
3/1/2023,M3 Competition,Competition Pro,C4G,4764575,FP74405,"2,024",S_BUCARAM,"$679,900,000.00",X3KX
3/1/2023,M340i xDrive,Premium,C4W,4764280,8D27687,"2,023",TNAL_B/LL,"$299,900,000.00",KGNL
3/1/2023,M340i xDrive,Premium,C31,4764286,8D30580,"2,023",S_INTEXZON,"$299,900,000.00",KGNL
3/1/2023,M340i xDrive,Premium,C31,4764285,8D29986,"2,023",ZF_TAYRONA,"$299,900,000.00",KGNL
3/1/2023,X6 xDrive40i,Edición M,475,4764598,9S05822,"2,023",ZF_TAYRONA,"$459,900,000.00",KPSW
3/1/2023,X2 M35i xDrive,Premium,475,4764572,5W68113,"2,023",ZF_INMAR,"$269,900,000.00",HLSW
3/1/2023,iX xDrive40,M Sport (Atelier),C3N,4764449,CN14728,"2,024",S_INTEXZON,"$489,900,000.00",SASW
3/1/2023,X1 sDrive18i,xLine,A96,4764464,5W64554,"2,024",ZF_TAYRONA,"$234,900,000.00",KHKP
3/1/2023,M340i xDrive,Premium,C4P,4764289,8D31605,"2,023",ZF_TAYRONA,"$299,900,000.00",KGNL
3/1/2023,M340i xDrive,Premium,C4P,4764287,8D30632,"2,023",ZF_TAYRONA,"$299,900,000.00",KGNL
3/1/2023,X2 sDrive20i,M Sport X,C1P,4764134,5W58272,"2,023",ZF_TAYRONA,"$219,900,000.00",HKSW
3/1/2023,530e iPerformance Sedan,Edición M,C4W,4764430,CN13743,"2,023",S_EXHVN_CLL200,"$349,900,000.00",KHSW
3/1/2023,218i Gran Coupé,Sport Line,300,4764389,7M43601,"2,024",ZF_TAYRONA,"$184,900,000.00",KCSW
3/1/2023,420i Gran Coupé,Premium,C4E,4764423,FP82103,"2,024",ZF_TAYRONA,"$229,900,000.00",KHFY
3/1/2023,iX xDrive40,M Sport (Atelier),C57,4764441,CN03705,"2,024",S_CLL128,"$489,900,000.00",SASW
3/1/2023,M440i xDrive Cabrio,Premium,A96,4764579,CN21998,"2,024",S_CLL128,"$379,900,000.00",MAG6
3/1/2023,X6 xDrive40i,Edición M,416,4764595,9S02347,"2,023",ZF_TAYRONA,"$459,900,000.00",KPSW
3/1/2023,X2 M35i xDrive,Premium,C4P,4764571,5W71858,"2,023",S_CLL128,"$269,900,000.00",HLSW
3/1/2023,X2 M35i xDrive,Premium,300,4764569,5W65541,"2,023",ZF_INMAR,"$269,900,000.00",HLSW
3/1/2023,420i Gran Coupé,Premium,C4E,4764129,FP68805,"2,024",S_CLL128,"$229,900,000.00",KHKC
4/1/2023,530e iPerformance Sedan,Edición M,300,4764884,CN45780,"2,023",TNAL_INMAR,"$349,900,000.00",KHRI
4/1/2023,X5 xDrive50e,xLine,A96,4764832,9S26464,"2,024",S_AUTO_NORTE,"$449,900,000.00",KPSW
4/1/2023,530e iPerformance Sedan,Edición M,C4W,4764886,CN45593,"2,023",ZF_TAYRONA,"$349,900,000.00",KHSW
4/1/2023,530e iPerformance Sedan,Edición M,A90,4764885,CN47388,"2,023",ZF_TAYRONA,"$349,900,000.00",KHFY
4/1/2023,420i Gran Coupé,Premium,C4W,4764414,FP98028,"2,024",ZF_TAYRONA,"$229,900,000.00",KHFY
4/1/2023,118i,Sport Line,C4W,4764381,5W89977,"2,024",ZF_TAYRONA,"$179,900,000.00",KFL1
4/1/2023,218i Gran Coupé,Edición M,C4W,4764624,7M62564,"2,024",ZF_TAYRONA,"$189,900,000.00",HLSW
4/1/2023,iX xDrive40,M Sport (Atelier),C35,4764699,CN33144,"2,024",ZF_TAYRONA,"$489,900,000.00",SAMY
4/1/2023,M240i Coupé,Premium,A96,4764628,8D37583,"2,024",ZF_TAYRONA,"$279,900,000.00",KGNL
4/1/2023,M240i Coupé,Premium,A96,4764627,8D37733,"2,024",ZF_TAYRONA,"$279,900,000.00",KGNL
4/1/2023,M340i xDrive,Premium,C4P,4764670,8D40035,"2,024",ZF_TAYRONA,"$299,900,000.00",KHKC
4/1/2023,M340i xDrive,Premium,A96,4764666,8D37900,"2,024",ZF_TAYRONA,"$299,900,000.00",KGNL
4/1/2023,320I,Sport Line,C1M,4764651,8D37750,"2,024",ZF_TAYRONA,"$229,900,000.00",KHSW
4/1/2023,320I,Sport Line,A96,4764646,8D41257,"2,024",ZF_TAYRONA,"$229,900,000.00",KHSW
4/1/2023,X3 M40i,Premium,416,4764688,9S17527,"2,024",S_BUCARAM,"$369,900,000.00",KHSW
4/1/2023,X5 xDrive40i,xLine,A96,4764802,9S28052,"2,024",ZF_TAYRONA,"$389,900,000.00",KPSW
4/1/2023,X5 M60i,Edición M PRO,475,4764846,9S26849,"2,024",ZF_TAYRONA,"$539,900,000.00",KPRI
4/1/2023,X5 M60i,Edición M PRO,416,4764845,9S27644,"2,024",ZF_TAYRONA,"$539,900,000.00",KPSW
4/1/2023,118i,Sport Line,300,4764385,5W90967,"2,024",ZF_TAYRONA,"$179,900,000.00",KFL1
4/1/2023,118i,Sport Line,A96,4764383,5W93938,"2,024",ZF_TAYRONA,"$179,900,000.00",KFL1
4/1/2023,118i,Sport Line,C4W,4764382,5W92955,"2,024",ZF_TAYRONA,"$179,900,000.00",KFL1
4/1/2023,420i Cabrio,Premium,C57,4764675,CN38151,"2,024",ZF_TAYRONA,"$279,900,000.00",KHKC
4/1/2023,iX xDrive40,M Sport (Atelier),C4A,4764700,CN40703,"2,024",ZF_TAYRONA,"$489,900,000.00",SASW
4/1/2023,iX xDrive40,M Sport (Atelier),C1M,4764697,CN40699,"2,024",ZF_TAYRONA,"$489,900,000.00",SAMY
4/1/2023,M240i Coupé,Premium,A75,4764642,8D37646,"2,024",ZF_TAYRONA,"$279,900,000.00",KGNL
4/1/2023,M240i Coupé,Premium,A75,4764640,8D36156,"2,024",ZF_TAYRONA,"$279,900,000.00",KHRI
4/1/2023,M240i Coupé,Premium,C4P,4764635,8D41461,"2,024",ZF_TAYRONA,"$279,900,000.00",KHFY
4/1/2023,320I,Sport Line,475,4764656,8D36463,"2,024",ZF_TAYRONA,"$229,900,000.00",KHSW
4/1/2023,Z4 sDrive20i,Edición M,C4W,4764800,WY25369,"2,024",ZF_TAYRONA,"$289,900,000.00",MAH7
4/1/2023,X5 xDrive40i,Edición M,475,4764814,9S28778,"2,024",ZF_TAYRONA,"$409,900,000.00",KPSW
4/1/2023,X5 xDrive40i,Edición M,416,4764812,9S28564,"2,024",ZF_TAYRONA,"$409,900,000.00",KPSW
4/1/2023,X5 xDrive40i,xLine,A96,4764803,9S27668,"2,024",ZF_TAYRONA,"$389,900,000.00",KPSW
4/1/2023,X6 xDrive40i,M Sport,A96,4764852,9S18747,"2,024",ZF_TAYRONA,"$459,900,000.00",KPHP
4/1/2023,X5 xDrive50e,xLine,A96,4764833,9S26659,"2,024",ZF_TAYRONA,"$449,900,000.00",KPSW
4/1/2023,XM,Premium,C5Y,4764708,9S23493,"2,024",TNAL_EVENTOS,"$999,900,000.00",VDIP
4/1/2023,M240i Coupé,Premium,A75,4764641,8D36917,"2,024",S_MEDELLIN,"$326,900,000.00",KHFY
4/1/2023,M240i Coupé,Premium,A96,4764629,8D37671,"2,024",ZF_TAYRONA,"$279,900,000.00",KGNL
4/1/2023,M340i xDrive,Premium,C4P,4764671,8D40005,"2,024",ZF_TAYRONA,"$299,900,000.00",KHG7
4/1/2023,M340i xDrive,Premium,A96,4764667,8D40624,"2,024",ZF_TAYRONA,"$299,900,000.00",KHKC
4/1/2023,M340i xDrive,Premium,A96,4764665,8D37817,"2,024",ZF_TAYRONA,"$299,900,000.00",KGNL
4/1/2023,320I,Sport Line,A96,4764645,8D37887,"2,024",ZF_TAYRONA,"$229,900,000.00",KHSW
4/1/2023,320I,Sport Line,475,4764655,8D34769,"2,024",ZF_TAYRONA,"$229,900,000.00",KHFY
4/1/2023,320I,Sport Line,C1M,4764653,8D33136,"2,024",S_CLL128,"$229,900,000.00",KHKC
4/1/2023,320I,Sport Line,C4W,4764647,8D35906,"2,024",ZF_TAYRONA,"$229,900,000.00",KHSW
4/1/2023,iX xDrive50,M Sport (Atelier),A90,4764784,CN27454,"2,024",ZF_INMAR,"$559,900,000.00",SASW
4/1/2023,X5 xDrive40i,Edición M,300,4764815,9S28502,"2,024",S_MEDELLIN,"$409,900,000.00",KPSW
4/1/2023,218i Gran Coupé,Edición M,C4W,4764625,7M55772,"2,024",ZF_INMAR,"$189,900,000.00",HLSW
4/1/2023,420i Cabrio,Premium,C4W,4764674,CN32324,"2,024",TNAL_PEREI,"$279,900,000.00",KHKC
4/1/2023,iX xDrive40,M Sport (Atelier),C35,4764698,CN33108,"2,024",ZF_TAYRONA,"$489,900,000.00",SASW
4/1/2023,M240i Coupé,Premium,475,4764639,8D34583,"2,024",ZF_TAYRONA,"$279,900,000.00",KHRI
4/1/2023,M240i Coupé,Premium,475,4764638,8D34483,"2,024",ZF_TAYRONA,"$279,900,000.00",KHRI
4/1/2023,M240i Coupé,Premium,475,4764637,8D37688,"2,024",ZF_TAYRONA,"$279,900,000.00",KHFY
4/1/2023,M340i xDrive,Premium,C4W,4764669,8D40475,"2,024",ZF_TAYRONA,"$299,900,000.00",KHKC
4/1/2023,M340i xDrive,Premium,C4W,4764668,8D40643,"2,024",ZF_TAYRONA,"$299,900,000.00",KHKC
4/1/2023,320I,Sport Line,C1M,4764652,8D40224,"2,024",ZF_TAYRONA,"$229,900,000.00",KHSW
4/1/2023,X5 xDrive40i,xLine,C35,4764810,9S27630,"2,024",TNAL_CL200,"$389,900,000.00",KPSW
4/1/2023,X5 M60i,Edición M PRO,300,4764847,9S27682,"2,024",ZF_TAYRONA,"$539,900,000.00",KPSW
4/1/2023,420i Gran Coupé,Premium,C4E,4764422,FP98134,"2,024",ZF_TAYRONA,"$229,900,000.00",KHKC
4/1/2023,320I,Sport Line,C1M,4764654,8D33421,"2,024",ZF_TAYRONA,"$229,900,000.00",KHFY
4/1/2023,320I,Sport Line,C4W,4764649,8D36182,"2,024",ZF_TAYRONA,"$229,900,000.00",KHKC
4/1/2023,iX xDrive50,M Sport (Atelier),C1M,4764786,CN27353,"2,024",TNAL_EVENTOS,"$559,900,000.00",SASW
4/1/2023,530e iPerformance Sedan,Edición M,300,4764883,CN45785,"2,023",ZF_TAYRONA,"$349,900,000.00",KHSW
4/1/2023,530e iPerformance Sedan,Edición M,C57,4764887,CN45951,"2,023",ZF_TAYRONA,"$349,900,000.00",KHSW
5/1/2023,530e iPerformance Sedan,Edición M,C57,4764981,CN58756,"2,023",ZF_TAYRONA,"$349,900,000.00",KHRI
5/1/2023,530e iPerformance Sedan,Edición M,416,4764978,CN51131,"2,023",ZF_TAYRONA,"$349,900,000.00",KHSW
5/1/2023,530e iPerformance Sedan,Edición M,A90,4764973,CN50506,"2,023",ZF_TAYRONA,"$349,900,000.00",KHSW
5/1/2023,X5 xDrive40i,Edición M (LIMITED),A96,4765119,9S56066,"2,024",ZF_TAYRONA,"$349,900,000.00",KPHF
5/1/2023,X5 xDrive40i,xLine,475,4765099,9S46735,"2,024",ZF_TAYRONA,"$389,900,000.00",KPSW
5/1/2023,M240i Coupé,Premium,C56,4764927,8D49524,"2,024",ZF_TAYRONA,"$279,900,000.00",KHRI
5/1/2023,118i,Sport Line,475,4764908,5W97837,"2,024",ZF_TAYRONA,"$179,900,000.00",KFL1
5/1/2023,218i Gran Coupé,Sport Line,C4W,4764918,7M73807,"2,024",ZF_TAYRONA,"$184,900,000.00",KCSW
5/1/2023,218i Gran Coupé,Sport Line,C1M,4764915,7M73873,"2,024",ZF_TAYRONA,"$184,900,000.00",KCSW
5/1/2023,X5 xDrive40i,Edición M (LIMITED),A96,4765120,9S55913,"2,024",ZF_TAYRONA,"$349,900,000.00",KPSW
5/1/2023,X5 xDrive40i,Edición M PRO (LIMITED),C4P,4765113,9S49904,"2,024",ZF_TAYRONA,"$359,900,000.00",KPSW
5/1/2023,X5 xDrive40i,xLine,C4W,4765095,9S46579,"2,024",ZF_TAYRONA,"$389,900,000.00",KPHF
5/1/2023,X5 xDrive40i,xLine,475,4765109,9S47850,"2,024",ZF_TAYRONA,"$389,900,000.00",KPHF
5/1/2023,X5 xDrive40i,xLine,C3D,4765105,9S46274,"2,024",ZF_TAYRONA,"$389,900,000.00",KPSW
5/1/2023,320I,Sport Line,300,4764950,8D46592,"2,024",ZF_TAYRONA,"$229,900,000.00",KHKC
5/1/2023,320I,Sport Line,300,4764947,8D46636,"2,024",ZF_TAYRONA,"$229,900,000.00",KHSW
5/1/2023,X1 sDrive18i,xLine,C1M,4765011,5X09146,"2,024",ZF_TAYRONA,"$234,900,000.00",KHCX
5/1/2023,X4 M40i,Premium,416,4764877,9S19814,"2,024",S_PEREIRA,"$379,900,000.00",KHSW
5/1/2023,530e iPerformance Sedan,Edición M,C57,4764982,CN67579,"2,023",ZF_TAYRONA,"$349,900,000.00",KHSW
5/1/2023,X5 xDrive40i,Edición M (LIMITED),C4P,4765114,9S50502,"2,024",ZF_TAYRONA,"$349,900,000.00",KPRI
5/1/2023,X5 M60i,Edición M PRO,416,4765126,9S46205,"2,024",ZF_TAYRONA,"$539,900,000.00",KPRI
5/1/2023,430i Coupé,Premium,C4F,4764963,CN63847,"2,024",ZF_TAYRONA,"$239,900,000.00",KHFY
5/1/2023,218i Gran Coupé,Sport Line,C1M,4765231,7M81596,"2,024",ZF_TAYRONA,"$184,900,000.00",KCSW
5/1/2023,218i Gran Coupé,Sport Line,C4W,4765230,7M81487,"2,024",ZF_TAYRONA,"$184,900,000.00",KCSW
5/1/2023,220i Gran Coupé,Edición M,300,4765234,7M80968,"2,024",ZF_TAYRONA,"$194,900,000.00",HLSW
5/1/2023,530e iPerformance Sedan,Edición M,A90,4764974,CN51086,"2,023",ZF_TAYRONA,"$349,900,000.00",KHRI
5/1/2023,X5 xDrive40i,xLine,C4W,4765096,9S46139,"2,024",ZF_TAYRONA,"$389,900,000.00",KPSW
5/1/2023,X5 xDrive40i,xLine,A96,4765091,9S48060,"2,024",ZF_TAYRONA,"$389,900,000.00",KPSW
5/1/2023,X5 xDrive40i,xLine,A96,4765090,9S46698,"2,024",ZF_TAYRONA,"$389,900,000.00",KPSW
5/1/2023,X5 xDrive40i,Edición M (LIMITED),C4W,4765111,9S48102,"2,024",ZF_TAYRONA,"$349,900,000.00",KPSW
5/1/2023,X5 xDrive40i,xLine,C35,4765107,9S46071,"2,024",ZF_TAYRONA,"$389,900,000.00",KPRI
5/1/2023,220i Gran Coupé,Sport Line,C1M,4764921,7M73780,"2,024",ZF_TAYRONA,"$189,900,000.00",KCCX
5/1/2023,X1 sDrive18i,Edición M,C67,4764992,5X00609,"2,024",ZF_TAYRONA,"$244,900,000.00",KGNL
5/1/2023,530e iPerformance Sedan,Edición M,C57,4764980,CN57435,"2,023",ZF_TAYRONA,"$349,900,000.00",KHRI
5/1/2023,X6 M,Premium,C5A,4764977,9S53153,"2,024",S_INTEXZON,"$899,900,000.00",HEJA
5/1/2023,X5 xDrive40i,Edición M (LIMITED),C3D,4765121,9S56378,"2,024",ZF_TAYRONA,"$349,900,000.00",KPRI
5/1/2023,X5 xDrive40i,Edición M (LIMITED),416,4765116,9S56050,"2,024",ZF_TAYRONA,"$349,900,000.00",KPSW
5/1/2023,X5 xDrive40i,Edición M (LIMITED),475,4765124,9S56409,"2,024",ZF_TAYRONA,"$349,900,000.00",KPSW
5/1/2023,220i Gran Coupé,Sport Line,C4W,4764920,7M81423,"2,024",ZF_TAYRONA,"$189,900,000.00",KCSW
5/1/2023,M240i Coupé,Premium,C56,4764926,8D49005,"2,024",S_FONTANAR,"$279,900,000.00",KGNL
5/1/2023,M240i Coupé,Premium,C56,4764925,8D55120,"2,024",ZF_TAYRONA,"$279,900,000.00",KGNL
5/1/2023,M340i xDrive,Premium,300,4764936,8D46693,"2,024",ZF_TAYRONA,"$299,900,000.00",KHKC
5/1/2023,430i Coupé,Premium,C4F,4764964,CN63766,"2,024",ZF_TAYRONA,"$239,900,000.00",KHSW
5/1/2023,430i Coupé,Premium,C4E,4764962,CN63649,"2,024",ZF_TAYRONA,"$239,900,000.00",KHFY
5/1/2023,320I,Sport Line,C4W,4764955,8D47105,"2,024",ZF_TAYRONA,"$229,900,000.00",KHFY
5/1/2023,X3 xDrive30e iPerformance,Premium,A90,4765054,9S71794,"2,024",ZF_TAYRONA,"$329,900,000.00",KHRI
5/1/2023,X3 xDrive30e iPerformance,Premium,300,4765065,9S64396,"2,024",S_INTEXZON,"$329,900,000.00",KHRI
5/1/2023,M240i Coupé,Premium,A96,4764630,8D45046,"2,024",ZF_TAYRONA,"$279,900,000.00",KHFY
5/1/2023,530e iPerformance Sedan,Edición M,300,4764976,CN54312,"2,023",ZF_TAYRONA,"$349,900,000.00",KHSW
5/1/2023,530e iPerformance Sedan,Edición M,300,4764975,CN54497,"2,023",ZF_TAYRONA,"$349,900,000.00",KHRI
5/1/2023,218i Gran Coupé,Sport Line,C1M,4764913,7M74020,"2,024",ZF_TAYRONA,"$184,900,000.00",KCCX
5/1/2023,X5 xDrive40i,Edición M (LIMITED),300,4765123,9S55690,"2,024",ZF_TAYRONA,"$349,900,000.00",KPHF
5/1/2023,X5 xDrive40i,Edición M (LIMITED),416,4765115,9S50555,"2,024",ZF_TAYRONA,"$349,900,000.00",KPSW
5/1/2023,X5 xDrive40i,xLine,C4W,4765098,9S46619,"2,024",ZF_TAYRONA,"$389,900,000.00",KPSW
5/1/2023,X5 xDrive40i,Edición M (LIMITED),C4W,4765110,9S47885,"2,024",ZF_TAYRONA,"$349,900,000.00",KPRI
5/1/2023,X5 xDrive40i,xLine,C35,4765106,9S46281,"2,024",ZF_TAYRONA,"$389,900,000.00",KPSW
5/1/2023,X5 xDrive40i,xLine,C3D,4765103,9S46031,"2,024",ZF_TAYRONA,"$389,900,000.00",KPRI
5/1/2023,X5 M60i,Edición M PRO,C1K,4765127,9S46677,"2,024",ZF_TAYRONA,"$539,900,000.00",KPRI
5/1/2023,M340i xDrive,Premium,300,4764934,8D46064,"2,024",ZF_TAYRONA,"$299,900,000.00",KGNL
5/1/2023,118i,Sport Line,300,4764907,5W97829,"2,024",ZF_TAYRONA,"$179,900,000.00",KFL1
5/1/2023,X6 xDrive40i,M Sport,C4W,4765166,9S56038,"2,024",ZF_TAYRONA,"$459,900,000.00",KPHP
5/1/2023,X5 xDrive50e,xLine,C4W,4765154,9S62823,"2,024",S_TALLER200,"$449,900,000.00",KPSW
5/1/2023,X4 M40i,Premium,300,4764876,9S19947,"2,024",ZF_TAYRONA,"$379,900,000.00",KHRI
5/1/2023,X5 xDrive40i,Edición M (LIMITED),A96,4765118,9S56199,"2,024",ZF_TAYRONA,"$349,900,000.00",KPRI
5/1/2023,M240i Coupé,Premium,C56,4764928,8D52518,"2,024",ZF_TAYRONA,"$279,900,000.00",KHFY
5/1/2023,X2 sDrive18i,Premium,C4W,4764562,5W97741,"2,023",ZF_TAYRONA,"$179,900,000.00",KCCX
5/1/2023,420i Cabrio,Premium,475,4764676,CN50840,"2,024",ZF_TAYRONA,"$279,900,000.00",KHFY
5/1/2023,530e iPerformance Sedan,Edición M,416,4764979,CN58902,"2,023",ZF_TAYRONA,"$349,900,000.00",KHFY
5/1/2023,X5 xDrive40i,xLine,C3D,4765104,9S46010,"2,024",ZF_TAYRONA,"$389,900,000.00",KPRI
5/1/2023,X5 xDrive40i,xLine,C4W,4765102,9S46588,"2,024",ZF_TAYRONA,"$389,900,000.00",KPSW
5/1/2023,X5 xDrive40i,xLine,475,4765100,9S46146,"2,024",ZF_TAYRONA,"$389,900,000.00",KPSW
5/1/2023,X5 M60i,Edición M PRO,300,4765128,9S46537,"2,024",ZF_TAYRONA,"$539,900,000.00",KPSW
5/1/2023,M340i xDrive,Premium,475,4764939,8D45987,"2,024",ZF_TAYRONA,"$299,900,000.00",KGNL
5/1/2023,X3 M40i,Premium,C4P,4765066,9S45673,"2,024",S_AUTO_NORTE,"$369,900,000.00",KHSW
6/1/2023,420i Cabrio,Edición M,C31,4764965,CN74606,"2,024",TNAL_INMAR,"$299,900,000.00",KHKC
6/1/2023,M340i xDrive,Premium,C4W,4764945,8D59497,"2,024",ZF_TAYRONA,"$299,900,000.00",KHG7
6/1/2023,320I,Sport Line,C4W,4764953,8D59839,"2,024",ZF_TAYRONA,"$229,900,000.00",KHKC
6/1/2023,218i Gran Coupé,Sport Line,475,4765228,7M97633,"2,024",ZF_TAYRONA,"$184,900,000.00",KCSW
6/1/2023,iX xDrive40,M Sport (Atelier),C4A,4765366,CN84945,"2,024",ZF_TAYRONA,"$489,900,000.00",SASW
6/1/2023,iX xDrive40,M Sport (Atelier),C57,4765365,CN84806,"2,024",ZF_TAYRONA,"$489,900,000.00",SASW
6/1/2023,X5 xDrive40i,xLine,300,4765341,9T09243,"2,024",ZF_TAYRONA,"$389,900,000.00",KPRI
6/1/2023,X5 xDrive40i,xLine,475,4765339,9T09391,"2,024",ZF_TAYRONA,"$389,900,000.00",KPSW
6/1/2023,X4 M40i,Premium,475,4765333,9S73999,"2,024",ZF_TAYRONA,"$379,900,000.00",KHSW
6/1/2023,M340i xDrive,Premium,300,4765244,8D65277,"2,024",TRANSITO INTERNACIONAL,"$299,900,000.00",KGNL
6/1/2023,M340i xDrive,Premium,300,4765243,8D65581,"2,024",TRANSITO INTERNACIONAL,"$299,900,000.00",KGNL
6/1/2023,320I,Sport Line,300,4765248,8D66556,"2,024",TRANSITO INTERNACIONAL,"$229,900,000.00",KHSW
6/1/2023,X3 M40i,Premium,300,4765299,9S87089,"2,024",ZF_TAYRONA,"$369,900,000.00",KHG7
6/1/2023,X3 M40i,Premium,A90,4765297,9S84150,"2,024",ZF_TAYRONA,"$369,900,000.00",KHRI
6/1/2023,X4 M40i,Premium,416,4765089,9S73869,"2,024",ZF_TAYRONA,"$379,900,000.00",KHSW
6/1/2023,M340i xDrive,Premium,475,4764940,8D59576,"2,024",ZF_TAYRONA,"$299,900,000.00",KHG7
6/1/2023,X4 M,Competition,C1K,4765068,9S84195,"2,024",ZF_TAYRONA,"$499,900,000.00",HDJA
6/1/2023,M340i xDrive,Premium,C31,4764942,8D59485,"2,024",TRANSITO INTERNACIONAL,"$299,900,000.00",KHKC
6/1/2023,218i Gran Coupé,Sport Line,C4W,4765229,7M98513,"2,024",ZF_TAYRONA,"$184,900,000.00",KCSW
6/1/2023,420i Cabrio,Edición M,C31,4765255,CN97977,"2,024",ZF_TAYRONA,"$299,900,000.00",KHG7
6/1/2023,X5 xDrive40i,Edición M,C4W,4765338,9T09259,"2,024",ZF_TAYRONA,"$409,900,000.00",KPRI
6/1/2023,430i Coupé,Premium,C4F,4765265,CN86911,"2,024",ZF_TAYRONA,"$239,900,000.00",KHFY
6/1/2023,320I,Sport Line,C4W,4765249,8D68423,"2,024",TRANSITO INTERNACIONAL,"$229,900,000.00",KHSW
6/1/2023,i4 eDrive40,Edición M,A96,4765269,FR46184,"2,024",ZF_TAYRONA,"$359,900,000.00",KGNL
6/1/2023,M340i xDrive,Premium,C4P,4764944,8D59612,"2,024",ZF_TAYRONA,"$299,900,000.00",KHKC
6/1/2023,M340i xDrive,Premium,C4P,4764943,8D59511,"2,024",ZF_TAYRONA,"$299,900,000.00",KHKC
6/1/2023,420i Cabrio,Edición M,475,4765259,CN78610,"2,024",ZF_TAYRONA,"$299,900,000.00",KHG7
6/1/2023,X5 xDrive40i,Edición M,C4W,4765337,9S87825,"2,024",ZF_TAYRONA,"$409,900,000.00",KPSW
6/1/2023,X4 xDrive30i,Edición M,C4P,4765302,9T04562,"2,024",ZF_TAYRONA,"$279,900,000.00",KHSW
6/1/2023,X6 xDrive40i,M Sport,475,4765352,9S98479,"2,024",ZF_TAYRONA,"$459,900,000.00",KPRI
6/1/2023,X6 xDrive40i,M Sport,300,4765350,9S89397,"2,024",ZF_TAYRONA,"$459,900,000.00",KPSW
6/1/2023,X4 M40i,Premium,300,4765334,9T04351,"2,024",ZF_TAYRONA,"$379,900,000.00",KHSW
6/1/2023,430i Coupé,Premium,300,4765262,CN89458,"2,024",ZF_TAYRONA,"$239,900,000.00",KHSW
6/1/2023,M440i xDrive Cabrio,Premium,C4E,4765267,CN95977,"2,024",ZF_TAYRONA,"$379,900,000.00",KHFY
6/1/2023,M440i xDrive Coupé,Premium,300,4765252,CN83340,"2,024",ZF_TAYRONA,"$359,900,000.00",KGNL
6/1/2023,420i Cabrio,Premium,C4F,4765253,CN89553,"2,024",ZF_TAYRONA,"$279,900,000.00",KHG7
6/1/2023,X5 xDrive40i,Edición M,A96,4765336,9S87455,"2,024",ZF_TAYRONA,"$409,900,000.00",KPSW
6/1/2023,M240i Coupé,Premium,300,4765237,8D64831,"2,024",TRANSITO INTERNACIONAL,"$279,900,000.00",KGNL
6/1/2023,M240i Coupé,Premium,300,4765236,8D64614,"2,024",TRANSITO INTERNACIONAL,"$279,900,000.00",KGNL
6/1/2023,i4 eDrive40,Edición M,C4P,4765272,FR41174,"2,024",TNAL_INMAR,"$359,900,000.00",KGNL
6/1/2023,118i,Sport Line,C4W,4765216,7N03315,"2,024",ZF_TAYRONA,"$179,900,000.00",KFL1
6/1/2023,128ti,Premium,475,4765226,7M87435,"2,024",ZF_TAYRONA,"$189,900,000.00",HLSW
6/1/2023,X1 sDrive18i,Edición M,475,4764984,5X20843,"2,024",ZF_TAYRONA,"$244,900,000.00",KHMY
6/1/2023,M340i xDrive,Premium,C4W,4764946,8D59476,"2,024",ZF_TAYRONA,"$299,900,000.00",KGNL
6/1/2023,330e iPerformance,Edición M,C4P,4765242,8D65068,"2,024",TRANSITO INTERNACIONAL,"$299,900,000.00",KGNL
6/1/2023,X5 M60i,Edición M PRO,A96,4765346,9S89592,"2,024",ZF_TAYRONA,"$539,900,000.00",KPSW
6/1/2023,M240i Coupé,Premium,300,4765239,8D58459,"2,024",TRANSITO INTERNACIONAL,"$279,900,000.00",KHRI
6/1/2023,M240i Coupé,Premium,300,4765235,8D60321,"2,024",TRANSITO INTERNACIONAL,"$279,900,000.00",KGNL
6/1/2023,X5 xDrive50e,Edición M,C4W,4765349,9S77040,"2,024",ZF_TAYRONA,"$474,900,000.00",KPA9
6/1/2023,430i Coupé,Premium,C4F,4765266,CN92399,"2,024",ZF_TAYRONA,"$239,900,000.00",KHSW
6/1/2023,320I,Sport Line,300,4765247,8D64962,"2,024",TRANSITO INTERNACIONAL,"$229,900,000.00",KHSW
7/1/2023,420i Cabrio,Edición M,C4F,4765473,CP19213,"2,024",TRANSITO INTERNACIONAL,"$299,900,000.00",KHKC
7/1/2023,420i Cabrio,Edición M,300,4765469,CP22931,"2,024",TRANSITO INTERNACIONAL,"$299,900,000.00",KHFY
7/1/2023,X5 xDrive40i,xLine,A96,4765618,9T23447,"2,024",ZF_TAYRONA,"$389,900,000.00",KPSW
7/1/2023,X5 xDrive40i,xLine,300,4765615,9T23559,"2,024",ZF_TAYRONA,"$389,900,000.00",KPSW
7/1/2023,X4 xDrive30i,Edición M,416,4765579,9T27044,"2,024",ZF_TAYRONA,"$279,900,000.00",KHSW
7/1/2023,X3 xDrive30e iPerformance,Premium,A96,4765556,9T29651,"2,024",ZF_TAYRONA,"$329,900,000.00",KHSW
7/1/2023,i4 eDrive40,Edición M,C4P,4765489,FR56525,"2,024",TRANSITO INTERNACIONAL,"$359,900,000.00",KGNL
7/1/2023,i4 eDrive40,Edición M,A96,4765486,FR52982,"2,024",TRANSITO INTERNACIONAL,"$359,900,000.00",KGNL
7/1/2023,420i Cabrio,Edición M,C4P,4765476,CP24397,"2,024",TRANSITO INTERNACIONAL,"$299,900,000.00",KHSW
7/1/2023,X5 xDrive40i,Edición M,C3D,4765630,9T18234,"2,024",ZF_TAYRONA,"$409,900,000.00",KPSW
7/1/2023,X5 xDrive40i,xLine,300,4765625,9T23245,"2,024",ZF_TAYRONA,"$389,900,000.00",KPRI
7/1/2023,X5 xDrive40i,xLine,C4W,4765622,9T29502,"2,024",ZF_TAYRONA,"$389,900,000.00",KPSW
7/1/2023,M440i xDrive Cabrio,Premium,C4F,4765483,CP06333,"2,024",ZF_TAYRONA,"$379,900,000.00",MAMU
7/1/2023,X3 xDrive30e iPerformance,Premium,A96,4765559,9T30187,"2,024",ZF_TAYRONA,"$329,900,000.00",KHFY
7/1/2023,X3 M,Premium,C4P,4765499,9T36607,"2,024",ZF_TAYRONA,"$499,900,000.00",LKDA
7/1/2023,X6 xDrive40i,M Sport,475,4765650,9T14808,"2,024",TRANSITO INTERNACIONAL,"$459,900,000.00",KPRI
7/1/2023,X3 xDrive30i,Premium,475,4765544,9T37333,"2,024",ZF_TAYRONA,"$259,900,000.00",KHFY
7/1/2023,X3 xDrive30i,Premium,A96,4765536,9T22462,"2,024",ZF_TAYRONA,"$259,900,000.00",KHRI
7/1/2023,420i Cabrio,Edición M,C4P,4765477,CP28399,"2,024",TRANSITO INTERNACIONAL,"$299,900,000.00",KHSW
7/1/2023,420i Cabrio,Edición M,C4F,4765472,CP17934,"2,024",TRANSITO INTERNACIONAL,"$299,900,000.00",KHSW
7/1/2023,420i Cabrio,Edición M,300,4765467,CP07812,"2,024",TRANSITO INTERNACIONAL,"$299,900,000.00",KHKC
7/1/2023,X5 xDrive40i,Edición M,300,4765627,9T18266,"2,024",ZF_TAYRONA,"$409,900,000.00",KPSW
7/1/2023,X5 xDrive40i,Edición M,A96,4765632,9T18290,"2,024",ZF_TAYRONA,"$409,900,000.00",KPA9
7/1/2023,X5 xDrive40i,Edición M,C4P,4765629,9T18370,"2,024",ZF_TAYRONA,"$409,900,000.00",KPSW
7/1/2023,X5 xDrive40i,Edición M,416,4765628,9T18379,"2,024",ZF_TAYRONA,"$409,900,000.00",KPSW
7/1/2023,X5 xDrive40i,xLine,A96,4765617,9T23597,"2,024",ZF_TAYRONA,"$389,900,000.00",KPSW
7/1/2023,X5 xDrive40i,xLine,300,4765612,9T14699,"2,024",ZF_TAYRONA,"$389,900,000.00",KPSW
7/1/2023,i4 eDrive40,Edición M,C57,4765492,FR53476,"2,024",TRANSITO INTERNACIONAL,"$359,900,000.00",KHFY
7/1/2023,i4 eDrive40,Edición M,475,4765490,FR56396,"2,024",TRANSITO INTERNACIONAL,"$359,900,000.00",KGNL
7/1/2023,i4 eDrive40,Edición M,C4P,4765488,FR56010,"2,024",TRANSITO INTERNACIONAL,"$359,900,000.00",KHG7
7/1/2023,X3 xDrive30i,Premium,C1M,4765517,9T20778,"2,024",ZF_TAYRONA,"$259,900,000.00",KHSW
7/1/2023,X3 xDrive30i,Premium,C4W,4765541,9T36369,"2,024",ZF_TAYRONA,"$259,900,000.00",KHRI
7/1/2023,X3 xDrive30i,Premium,C1M,4765540,9T20761,"2,024",ZF_TAYRONA,"$259,900,000.00",KHRI
7/1/2023,i4 eDrive40,Edición M,300,4765676,FR63121,"2,024",TRANSITO INTERNACIONAL,"$359,900,000.00",KGNL
7/1/2023,420i Cabrio,Edición M,C4E,4765471,CP18028,"2,024",TRANSITO INTERNACIONAL,"$299,900,000.00",KHFY
7/1/2023,X5 xDrive40i,xLine,C4W,4765620,9T28712,"2,024",ZF_TAYRONA,"$389,900,000.00",KPSW
7/1/2023,X5 xDrive40i,xLine,A96,4765616,9T23373,"2,024",ZF_TAYRONA,"$389,900,000.00",KPSW
7/1/2023,X4 xDrive30i,Edición M,C1M,4765589,9T14055,"2,024",ZF_TAYRONA,"$279,900,000.00",KHSW
7/1/2023,M440i xDrive Cabrio,Premium,A96,4765481,CN98742,"2,024",ZF_TAYRONA,"$379,900,000.00",MANL
7/1/2023,M440i xDrive Cabrio,Premium,300,4765480,CN98749,"2,024",ZF_TAYRONA,"$379,900,000.00",KHKC
7/1/2023,X3 xDrive30i,Premium,300,4765532,9T20439,"2,024",ZF_TAYRONA,"$259,900,000.00",KHRI
7/1/2023,i4 eDrive40,Edición M,300,4765677,FR62425,"2,024",TRANSITO INTERNACIONAL,"$359,900,000.00",KHKC
7/1/2023,420i Cabrio,Edición M,A96,4765474,CP19127,"2,024",TRANSITO INTERNACIONAL,"$299,900,000.00",KHSW
7/1/2023,X7 xDrive40i,Edición M,300,4765654,9T30318,"2,024",TRANSITO INTERNACIONAL,"$559,900,000.00",KPSW
7/1/2023,X7 xDrive40i,Pure Excellence,C3D,4765653,9T30373,"2,024",TRANSITO INTERNACIONAL,"$539,900,000.00",KPRI
7/1/2023,X7 xDrive40i,Pure Excellence,C4W,4765652,9T31024,"2,024",TRANSITO INTERNACIONAL,"$539,900,000.00",KPHF
7/1/2023,X5 xDrive40i,xLine,300,4765613,9T23523,"2,024",ZF_TAYRONA,"$389,900,000.00",KPSW
7/1/2023,X4 xDrive30i,Edición M,C1M,4765588,9T13705,"2,024",ZF_TAYRONA,"$279,900,000.00",KHSW
7/1/2023,X3 xDrive30i,Premium,A96,4765548,9T37361,"2,024",ZF_TAYRONA,"$259,900,000.00",KHG7
7/1/2023,X3 xDrive30i,Premium,A90,4765546,9T37076,"2,024",ZF_TAYRONA,"$259,900,000.00",KHFY
7/1/2023,i4 eDrive40,Edición M,C4P,4765487,FR53473,"2,024",TRANSITO INTERNACIONAL,"$359,900,000.00",KGNL
7/1/2023,420i Cabrio,Edición M,C4P,4765479,CP29909,"2,024",TRANSITO INTERNACIONAL,"$299,900,000.00",KHFY
7/1/2023,420i Cabrio,Edición M,300,4765466,CP07810,"2,024",TRANSITO INTERNACIONAL,"$299,900,000.00",KHSW
7/1/2023,420i Cabrio,Edición M,300,4765465,CP07568,"2,024",TRANSITO INTERNACIONAL,"$299,900,000.00",KHSW
7/1/2023,X5 xDrive40i,Edición M,C4W,4765631,9T21802,"2,024",ZF_TAYRONA,"$409,900,000.00",KPSW
7/1/2023,X5 xDrive40i,xLine,C3D,4765624,9T29285,"2,024",ZF_TAYRONA,"$389,900,000.00",KPSW
7/1/2023,X5 xDrive40i,xLine,C35,4765623,9T29460,"2,024",ZF_TAYRONA,"$389,900,000.00",KPSW
7/1/2023,X5 xDrive40i,xLine,C4W,4765619,9T23174,"2,024",ZF_TAYRONA,"$389,900,000.00",KPSW
7/1/2023,X3 xDrive30i,Premium,A96,4765547,9T36991,"2,024",ZF_TAYRONA,"$259,900,000.00",KHFY
7/1/2023,M440i xDrive Cabrio,Premium,475,4765484,CP06331,"2,024",TRANSITO INTERNACIONAL,"$379,900,000.00",MAG6
7/1/2023,X6 xDrive40i,M Sport,C57,4765646,9T31789,"2,024",TRANSITO INTERNACIONAL,"$459,900,000.00",KPSW
7/1/2023,X3 xDrive30i,Premium,C4W,4765531,9T21316,"2,024",ZF_INMAR,"$259,900,000.00",KHSW
7/1/2023,X3 xDrive30i,Premium,C4W,4765527,9T20559,"2,024",ZF_TAYRONA,"$259,900,000.00",KHSW
7/1/2023,X3 xDrive30i,Premium,C4W,4765526,9T20653,"2,024",ZF_TAYRONA,"$259,900,000.00",KHSW
8/1/2023,X5 xDrive50e,Edición M,416,4765784,9T53346,"2,024",TRANSITO INTERNACIONAL,"$474,900,000.00",KPA9
8/1/2023,X3 xDrive30i,Premium,C1M,4765718,9T48692,"2,024",TRANSITO INTERNACIONAL,"$259,900,000.00",KHRI
8/1/2023,X3 xDrive30i,Premium,300,4765712,9T39873,"2,024",TRANSITO INTERNACIONAL,"$259,900,000.00",KHRI
8/1/2023,X3 xDrive30i,Premium,300,4765711,9T39885,"2,024",TRANSITO INTERNACIONAL,"$259,900,000.00",KHRI
8/1/2023,X3 xDrive30i,Premium,C1M,4765704,9T55479,"2,024",TRANSITO INTERNACIONAL,"$259,900,000.00",KHSW
8/1/2023,X3 xDrive30i,Premium,A90,4765701,9T57016,"2,024",TRANSITO INTERNACIONAL,"$259,900,000.00",KHSW
8/1/2023,X3 xDrive30i,Premium,A90,4765697,9T49081,"2,024",TRANSITO INTERNACIONAL,"$259,900,000.00",KHSW
8/1/2023,X3 xDrive30i,Premium,300,4765693,9T64867,"2,024",TRANSITO INTERNACIONAL,"$259,900,000.00",KHSW
8/1/2023,X3 xDrive30i,Premium,300,4765692,9T64544,"2,024",TRANSITO INTERNACIONAL,"$259,900,000.00",KHSW
8/1/2023,X4 xDrive30i,Edición M,A90,4765751,9T55394,"2,024",TRANSITO INTERNACIONAL,"$279,900,000.00",KHSW
8/1/2023,X5 xDrive50e,xLine,300,4765833,9T64059,"2,024",TRANSITO INTERNACIONAL,"$449,900,000.00",KPSW
8/1/2023,X3 xDrive30i,Premium,C1M,4765728,9T66065,"2,024",TRANSITO INTERNACIONAL,"$259,900,000.00",KHFY
8/1/2023,i4 eDrive40,Edición M,475,4765926,FR66492,"2,024",TRANSITO INTERNACIONAL,"$359,900,000.00",KGNL
8/1/2023,X4 xDrive30i,Edición M,C57,4765760,9T42775,"2,024",TRANSITO INTERNACIONAL,"$279,900,000.00",KHSW
8/1/2023,X5 xDrive50e,xLine,C4W,4765820,9T63575,"2,024",TRANSITO INTERNACIONAL,"$449,900,000.00",KPRI
8/1/2023,X3 xDrive30i,Premium,A90,4765715,9T42782,"2,024",TRANSITO INTERNACIONAL,"$259,900,000.00",KHRI
8/1/2023,X3 xDrive30i,Premium,C57,4765706,9T55302,"2,024",TRANSITO INTERNACIONAL,"$259,900,000.00",KHSW
8/1/2023,X3 xDrive30i,Premium,C1M,4765703,9T55539,"2,024",TRANSITO INTERNACIONAL,"$259,900,000.00",KHSW
8/1/2023,X4 xDrive30i,Edición M,416,4765759,9T40346,"2,024",TRANSITO INTERNACIONAL,"$279,900,000.00",KHSW
8/1/2023,X4 xDrive30i,Edición M,300,4765743,9T64670,"2,024",TRANSITO INTERNACIONAL,"$279,900,000.00",KHSW
8/1/2023,X6 xDrive40i,M Sport,A96,4765826,9T56385,"2,024",TRANSITO INTERNACIONAL,"$459,900,000.00",KPSW
8/1/2023,X3 xDrive30i,Premium,C1M,4765726,9T57225,"2,024",TRANSITO INTERNACIONAL,"$259,900,000.00",KHFY
8/1/2023,X5 xDrive50e,Edición M,416,4765785,9T53878,"2,024",TRANSITO INTERNACIONAL,"$474,900,000.00",KPA9
8/1/2023,X3 xDrive30i,Premium,C1M,4765717,9T49103,"2,024",TRANSITO INTERNACIONAL,"$259,900,000.00",KHRI
8/1/2023,X3 xDrive30i,Premium,A90,4765716,9T42959,"2,024",TRANSITO INTERNACIONAL,"$259,900,000.00",KHRI
8/1/2023,X3 xDrive30i,Premium,C57,4765707,9T55605,"2,024",TRANSITO INTERNACIONAL,"$259,900,000.00",KHSW
8/1/2023,X3 xDrive30i,Premium,A90,4765698,9T48861,"2,024",TRANSITO INTERNACIONAL,"$259,900,000.00",KHSW
8/1/2023,X4 xDrive30i,Edición M,416,4765758,9T64635,"2,024",TRANSITO INTERNACIONAL,"$279,900,000.00",KHSW
8/1/2023,X4 xDrive30i,Edición M,416,4765757,9T64370,"2,024",TRANSITO INTERNACIONAL,"$279,900,000.00",KHSW
8/1/2023,X4 xDrive30i,Edición M,C1M,4765753,9T55678,"2,024",TRANSITO INTERNACIONAL,"$279,900,000.00",KHSW
8/1/2023,X4 xDrive30i,Edición M,300,4765741,9T64973,"2,024",TRANSITO INTERNACIONAL,"$279,900,000.00",KHSW
8/1/2023,X6 xDrive40i,M Sport,A96,4765824,9T56416,"2,024",TRANSITO INTERNACIONAL,"$459,900,000.00",KPSW
8/1/2023,X1 sDrive18i,Edición M,C67,4765686,5X59658,"2,024",TRANSITO INTERNACIONAL,"$244,900,000.00",KTNL
8/1/2023,X1 sDrive18i,Edición M,C67,4765685,5X59868,"2,024",TRANSITO INTERNACIONAL,"$244,900,000.00",KTNL
8/1/2023,X1 sDrive18i,xLine,C4E,4765679,5X71924,"2,024",TRANSITO INTERNACIONAL,"$234,900,000.00",KUSW
8/1/2023,X4 xDrive30i,Edición M,C1M,4765770,9T48982,"2,024",TRANSITO INTERNACIONAL,"$279,900,000.00",KHRI
8/1/2023,X6 xDrive40i,M Sport,C4P,4765821,9T48277,"2,024",TRANSITO INTERNACIONAL,"$459,900,000.00",KPSW
8/1/2023,X5 xDrive50e,Edición M,416,4765787,9T54214,"2,024",TRANSITO INTERNACIONAL,"$474,900,000.00",KPHF
8/1/2023,X5 xDrive50e,Edición M,416,4765786,9T53882,"2,024",TRANSITO INTERNACIONAL,"$474,900,000.00",KPA9
8/1/2023,X3 xDrive30i,Premium,C57,4765708,9T55874,"2,024",TRANSITO INTERNACIONAL,"$259,900,000.00",KHSW
8/1/2023,X3 xDrive30i,Premium,C1M,4765705,9T55687,"2,024",TRANSITO INTERNACIONAL,"$259,900,000.00",KHSW
8/1/2023,X3 xDrive30i,Premium,A90,4765699,9T48631,"2,024",TRANSITO INTERNACIONAL,"$259,900,000.00",KHSW
8/1/2023,X3 xDrive30i,Premium,300,4765694,9T64657,"2,024",TRANSITO INTERNACIONAL,"$259,900,000.00",KHSW
8/1/2023,X3 xDrive30i,Premium,300,4765690,9T64644,"2,024",TRANSITO INTERNACIONAL,"$259,900,000.00",KHSW
8/1/2023,X4 xDrive30i,Edición M,C1M,4765756,9T65009,"2,024",TRANSITO INTERNACIONAL,"$279,900,000.00",KHSW
8/1/2023,X4 xDrive30i,Edición M,C1M,4765754,9T55596,"2,024",TRANSITO INTERNACIONAL,"$279,900,000.00",KHSW
8/1/2023,X3 xDrive30i,Premium,C57,4765727,9T64726,"2,024",TRANSITO INTERNACIONAL,"$259,900,000.00",KHFY
8/1/2023,X3 xDrive30i,Premium,300,4765723,9T48468,"2,024",TRANSITO INTERNACIONAL,"$259,900,000.00",KHFY
8/1/2023,X3 xDrive30i,Premium,300,4765722,9T48892,"2,024",TRANSITO INTERNACIONAL,"$259,900,000.00",KHFY
8/1/2023,X3 xDrive30i,Premium,300,4765721,9T47097,"2,024",TRANSITO INTERNACIONAL,"$259,900,000.00",KHFY
8/1/2023,i4 eDrive40,Edición M,C4P,4765925,FR66099,"2,024",TRANSITO INTERNACIONAL,"$359,900,000.00",KGNL
8/1/2023,X5 xDrive40i,Edición M,C4P,4765781,9T45142,"2,024",TRANSITO INTERNACIONAL,"$409,900,000.00",KPSW
8/1/2023,X4 xDrive30i,Edición M,300,4765773,9T48815,"2,024",TRANSITO INTERNACIONAL,"$279,900,000.00",KHFY
8/1/2023,X5 xDrive50e,Edición M,C4W,4765791,9T60763,"2,024",TRANSITO INTERNACIONAL,"$474,900,000.00",KPSW
8/1/2023,X3 xDrive30i,Premium,C57,4765719,9T48551,"2,024",TRANSITO INTERNACIONAL,"$259,900,000.00",KHRI
8/1/2023,X3 xDrive30i,Premium,A90,4765702,9T56860,"2,024",TRANSITO INTERNACIONAL,"$259,900,000.00",KHSW
8/1/2023,X3 xDrive30i,Premium,C4W,4765696,9T66356,"2,024",TRANSITO INTERNACIONAL,"$259,900,000.00",KHSW
8/1/2023,X3 xDrive30i,Premium,C4W,4765695,9T66642,"2,024",TRANSITO INTERNACIONAL,"$259,900,000.00",KHSW
8/1/2023,X4 xDrive30i,Edición M,C1M,4765755,9T55805,"2,024",TRANSITO INTERNACIONAL,"$279,900,000.00",KHSW
8/1/2023,X4 xDrive30i,Edición M,A90,4765750,9T55749,"2,024",TRANSITO INTERNACIONAL,"$279,900,000.00",KHSW
8/1/2023,X3 xDrive30i,Premium,A90,4765725,9T51309,"2,024",TRANSITO INTERNACIONAL,"$259,900,000.00",KHFY
8/1/2023,X3 xDrive30i,Premium,A90,4765724,9T49087,"2,024",TRANSITO INTERNACIONAL,"$259,900,000.00",KHFY
9/1/2023,X1 sDrive18i,Edición M,C5Y,4765986,5X83387,"2,024",,"$244,900,000.00",KUSW
9/1/2023,X1 sDrive18i,Edición M,C3N,4765985,5X83627,"2,024",,"$244,900,000.00",KUCX
9/1/2023,i4 eDrive40,Edición M,300,4765978,FR78784,"2,024",,"$359,900,000.00",KGNL
9/1/2023,i4 eDrive40,Edición M,C4E,4765979,FR79300,"2,024",,"$359,900,000.00",KGNL
9/1/2023,i4 eDrive40,Edición M,C4P,4765977,FR79192,"2,024",,"$359,900,000.00",KGNL
9/1/2023,i4 eDrive40,Edición M,C4P,4765976,FR79247,"2,024",,"$359,900,000.00",KHFY
9/1/2023,X1 sDrive18i,Edición M,475,4766098,5X79782,"2,024",,"$244,900,000.00",KUCX
9/1/2023,X1 sDrive18i,Edición M,C67,4765987,5X83416,"2,024",,"$244,900,000.00",KTNL
9/1/2023,X1 sDrive18i,Edición M,C31,4765984,5X83090,"2,024",,"$244,900,000.00",KUCX
